{"PaddlePosition":{"x":1.789993166923523,"y":-4.269999980926514,"z":0.0}}