{"PaddlePosition":{"x":0.2400059998035431,"y":-4.269999980926514,"z":0.0}}